{"path":"Files/Pasted image 20251117102041.png","text":"mysql> SELECT|substr(colonna,1.1) [FROM example WHERE id = 1: il it | substr(colonna.1.1) | P I a 1 A 1 row in set (0.00 sec) mysql> SELECT colonna FROM example WHERE id = -1 UNION —> SELECT IF ( ( SELECT substr(colonna,1.1) FROM example WHERE id = 1)=\"a’. > 1,0 ol I colonna | P—— [ | P 1 row in set (0.00 sec) mysql> SELECT colonna FROM example WHERE id = -1 UNION —> SELECT IF ( ( SELECT substr(colonna,1.1) FROM example WHERE id = 1)=\"a’. > BENCHMARK (50000000, MD5(1)), 0): PO RS T P—— 1o | PR 1 row in set](9.22 sec) mysql> Il","libVersion":"0.5.0","langs":"eng"}