{"path":"Files/Pasted image 20251117101932.png","text":"mysql> SELECT colonna FROM example WHERE id = -1 UNION SELECT{IF( ( true ). 1. 0): B | colonna | S 11 1 R 1 row in set (0.00 sec) mysql> SELECT colonna FROM example WHERE id = -1 UNION SELECT IFC ( FALSE ). 1. 0): e | colonna | S 1o 1 e T L A C RO mysql> SELECT colonna FROM example WHERE id = -1 UNION SELECT IFC C TRUE ). â€”> BENCHMARK (50000000, MD5(1)). 0): D I colonna | R o | B e 1 row in set(9.18 sec) LEriny |","libVersion":"0.5.0","langs":"eng"}